Modelo,Accuracy,Precision,Recall,F1-Score,ROC-AUC,PR-AUC
LogisticRegression,0.8445127911689674,0.6154217303458882,0.5068673471922112,0.5558945303987797,0.9385023652662463,0.622752347199385
RandomForest,0.9896812340557423,0.9626921862476014,0.9844025532126269,0.97342633298131,0.998701921195829,0.9933233957928362
XGBoost,0.9897241494409079,0.9642787524366472,0.9828875145915605,0.9734942130056702,0.9990862949487194,0.9959072447475417
