{
  "mejor_modelo_cv": "XGBoost",
  "mejor_score_cv": 0.9898004434589799,
  "resultados_cv": {
    "LogisticRegression": {
      "mean": 0.8441730443697398,
      "std": 0.000620766298995221,
      "scores": [
        0.8430310182867224,
        0.8448251198054503,
        0.8441337052666714,
        0.8446045824094605,
        0.8442707960803948
      ]
    },
    "RandomForest": {
      "mean": 0.989664544739289,
      "std": 0.00019225634869773244,
      "scores": [
        0.9896228214481558,
        0.9897360703812317,
        0.9899983310683547,
        0.9894678492239468,
        0.9894976515747562
      ]
    },
    "XGBoost": {
      "mean": 0.9898004434589799,
      "std": 0.00018338110791341086,
      "scores": [
        0.9896824261497746,
        0.9896705052094509,
        0.9901175404715924,
        0.9898970030756026,
        0.9896347423884796
      ]
    }
  },
  "metricas_test": [
    {
      "Modelo": "LogisticRegression",
      "Accuracy": 0.8445127911689674,
      "Precision": 0.6154217303458882,
      "Recall": 0.5068673471922112,
      "F1-Score": 0.5558945303987797,
      "ROC-AUC": 0.9385023652662463,
      "PR-AUC": 0.622752347199385
    },
    {
      "Modelo": "RandomForest",
      "Accuracy": 0.9896812340557423,
      "Precision": 0.9626921862476014,
      "Recall": 0.9844025532126269,
      "F1-Score": 0.97342633298131,
      "ROC-AUC": 0.998701921195829,
      "PR-AUC": 0.9933233957928362
    },
    {
      "Modelo": "XGBoost",
      "Accuracy": 0.9897241494409079,
      "Precision": 0.9642787524366472,
      "Recall": 0.9828875145915605,
      "F1-Score": 0.9734942130056702,
      "ROC-AUC": 0.9990862949487194,
      "PR-AUC": 0.9959072447475417
    }
  ],
  "mejor_modelo_accuracy": "XGBoost",
  "mejor_modelo_f1": "XGBoost",
  "mejor_modelo_roc": "XGBoost"
}