{
  "LogisticRegression": {
    "mean": 0.8441730443697398,
    "std": 0.000620766298995221,
    "scores": [
      0.8430310182867224,
      0.8448251198054503,
      0.8441337052666714,
      0.8446045824094605,
      0.8442707960803948
    ]
  },
  "RandomForest": {
    "mean": 0.989664544739289,
    "std": 0.00019225634869773244,
    "scores": [
      0.9896228214481558,
      0.9897360703812317,
      0.9899983310683547,
      0.9894678492239468,
      0.9894976515747562
    ]
  },
  "XGBoost": {
    "mean": 0.9898004434589799,
    "std": 0.00018338110791341086,
    "scores": [
      0.9896824261497746,
      0.9896705052094509,
      0.9901175404715924,
      0.9898970030756026,
      0.9896347423884796
    ]
  }
}