Feature,Importance
Feature_9,0.9347331
Feature_6,0.047190424
Feature_1,0.0075231334
Feature_5,0.003218886
Feature_2,0.002519559
Feature_11,0.0006801489
Feature_10,0.0005490283
Feature_17,0.00050391216
Feature_13,0.00044407634
Feature_16,0.00040348482
Feature_4,0.00038928166
Feature_18,0.00034791467
Feature_12,0.00032446304
Feature_8,0.0003152581
Feature_7,0.00030847447
Feature_3,0.0002347721
Feature_14,0.00018299515
Feature_15,0.00013122114
Feature_19,0.0
Feature_0,0.0
Feature_20,0.0
