{
  "mean": 0.8441730443697398,
  "std": 0.000620766298995221,
  "scores": [
    0.8430310182867224,
    0.8448251198054503,
    0.8441337052666714,
    0.8446045824094605,
    0.8442707960803948
  ]
}